"Document Title",Authors,"Author Affiliations","Publication Title",Date Added To Xplore,"Publication Year","Volume","Issue","Start Page","End Page","Abstract","ISSN",ISBNs,"DOI",Funding Information,PDF Link,"Author Keywords","IEEE Terms","Mesh_Terms",Article Citation Count,Patent Citation Count,"Reference Count","License",Online Date,Issue Date,"Meeting Date","Publisher",Document Identifier
"A 0.05mm2 1.19-to-7.34mW SQIsign-1D Isogeny-Based Post-Quantum Signature Verification Accelerator for IoT","K. S. T. Ramapragada; U. Banerjee","Indian Institute of Science, Bengaluru, India; Indian Institute of Science, Bengaluru, India",2026 IEEE International Solid-State Circuits Conference (ISSCC),"3 Mar 2026","2026","69","","432","434","This work presents a $0.05 \text{mm}^{2}$ and 1.19 -to- 7.34 mW hardware accelerator for the isogeny-based NIST post-quantum digital signature candidate SQIsign. Our Montgomery multiplier design enables $2 \times$ speedup and energy savings, and efficient memory organization provides 31% area savings. We demonstrate SQIsign-1D uncompressed signature verification in a small form factor for IoT applications with order of magnitude improvement in performance and energy-efficiency compared to assembly-optimized software.","2376-8606","979-8-3315-8936-3","10.1109/ISSCC49663.2026.11408981","Indian Institute of Science; ","https://ieeexplore.ieee.org/stamp/stamp.jsp?arnumber=11408981","","Handwriting recognition;Memory management;Energy conservation;Organizations;NIST;Software;Energy efficiency;Solid state circuits;Internet of Things;Hardware acceleration","","","","20","IEEE","3 Mar 2026","15-19 Feb. 2026","15-19 Feb. 2026","IEEE","IEEE Conferences"
"An FPGA Accelerator for Extended Gaussian Elimination in WAVE","C. Chen; R. Niederhagen; Y. -L. Ueng","Department of Electrical Engineering, National Tsing Hua University, Hsinchu, Taiwan; Institute of Information Science, Academia Sinica, Taipei, Taiwan; Department of Electrical Engineering, National Tsing Hua University, Hsinchu, Taiwan",IEEE Embedded Systems Letters,"","2026","PP","99","1","1","This paper presents a hardware accelerator for extended Gaussian elimination (ExtGaussElim), targeting the WAVE post-quantum signature scheme. ExtGaussElim is the primary performance bottleneck in WAVE, and we propose three key contributions to improve its hardware implementation. First, we design a novel processing unit that minimizes the variety of operations required over the Galois Field GF(3), streamlining the Gaussian elimination process. Second, we develop a reconfigurable architecture that supports flexible performance scaling. Third, we introduce an optimized data memory layout to reduce the hardware resource footprint. The proposed ExtGaussElim accelerator is implemented and evaluated on the xc7a200t. To the best of our knowledge, this work presents the first hardware implementation of ExtGaussElim. The proposed ExtGaussElim accelerator is implemented and evaluated on the Digilent Arty Z7-10 FPGA board. To the best of our knowledge, this work presents the first hardware implementation of ExtGaussElim. Experimental results demonstrate a 6.25× speed-up over a CPU-based implementation and an over 100× speed-up without considering software data transformation, highlighting the significant performance advantage of the hardware accelerator.","1943-0671","","10.1109/LES.2026.3660739","","https://ieeexplore.ieee.org/stamp/stamp.jsp?arnumber=11370891","Post-Quantum Cryptography;Post-Quantum Signature Scheme;Field Programmable Gate Array;Systolic Architecture","Systolic arrays;Systematics;Computer architecture;Decoding;Generators;Parallel processing;Vectors;Matrices;Codes;NIST","","","","","IEEE","3 Feb 2026","","","IEEE","IEEE Early Access Articles"
"Design and FPGA Implementation of a NTT Hardware Accelerator for PQC ML-DSA","S. Zhu; L. Wu; L. Li; Y. Yang; X. Zhang","Electronic Engineering College, Heilongjiang University, Harbin, China; School of Integrated Circuit, Tsinghua University, Beijing, China; Electronic Engineering College, Heilongjiang University, Harbin, China; School of Integrated Circuit, Tsinghua University, Beijing, China; School of Integrated Circuit, Tsinghua University, Beijing, China",2025 10th International Conference on Integrated Circuits and Microsystems (ICICM),"1 Jan 2026","2025","","","86","91","In this paper, we present a high - performance, resource - efficient hardware architecture for the 256-point Number Theoretic Transform (NTT) core tailored to the CRYSTALS-Dilithium post-quantum signature scheme. Our design introduces three key innovations: (1) a Barrett modular reduction unit that replaces conventional subtraction-based reduction with precomputed constants, achieving a 42% reduction in critical-path delay; (2) a dynamic, algorithmic address resolver that eliminates lookup tables and reduces LUT usage by $\mathbf{1 5. 2 \%}$; and (3) a quad-butterfly pipeline comprising four parallel configurable butterfly units that support both Cooley-Tukey and Gentleman-Sande modes, enabling a fourfold increase in per-cycle throughput. Implemented on FPGA with modulus $q=8,380,417$, the proposed NTT core consumes only $\mathbf{1, 0 3 3}$ slices ($\mathbf{3 9. 3 \%}$ fewer) and 3,189 LUTs (44.1% fewer) compared to state-of-the-art designs, at a modest cost of 28 DSPs and 8 BRAMs. Functional simulation over 512 test points confirms 100% correctness ($\mathbf{R}^{\mathbf{2}}=\mathbf{1. 0}$) across the full coefficient range. The architecture thus offers an attractive balance between throughput, resource utilization, and implementation simplicity, providing a practical foundation for lattice-based cryptosystems on resource constrained platforms.","","979-8-3315-8849-6","10.1109/ICICM66614.2025.11315992","","https://ieeexplore.ieee.org/stamp/stamp.jsp?arnumber=11315992","Post Quantum Cryptography(PQC);NTT;Hardware design","Technological innovation;Heuristic algorithms;Pipelines;Computer architecture;Transforms;Throughput;Table lookup;Delays;Resource management;Field programmable gate arrays","","","","10","IEEE","1 Jan 2026","17-19 Oct. 2025","17-19 Oct. 2025","IEEE","IEEE Conferences"
"Reinventing EDHOC for the Post-Quantum Era","L. P. Fraile; C. Koulamas; A. P. Fournaris","Industrial Systems Institute, R.C. Athena, Patras, Greece; Industrial Systems Institute, R.C. Athena, Patras, Greece; Industrial Systems Institute, R.C. Athena, Patras, Greece",IEEE Access,"24 Nov 2025","2025","13","","196622","196640","Several lightweight protocols are being developed to secure communication in resource-constrained environments. Ephemeral Diffie-Hellman over COSE (EDHOC) plays a key role in this lightweight protocol family by managing the key establishment process. However, due to the vulnerability of the discrete logarithm problem to Shor’s algorithm, a quantum-resistant replacement for Diffie-Hellman is required. This work examines the quantum-resistant transition of EDHOC, focusing on its multiple authentication methods as a step toward enabling robust post-quantum security for IoT devices. A novel authentication method for EDHOC is introduced, utilizing Key Encapsulation Mechanisms (KEMs) as a replacement for the static Diffie-Hellman (DH) authentication method, providing a post-quantum signature-free alternative. Among existing post-quantum algorithms for both KEMs and signatures, the NIST-standardized ML-KEM offers the fastest implementation at the lowest memory cost, both of which are crucial for resource-constrained devices. While compatible with various post-quantum KEMs, the method can exploit the computational efficiency of ML-KEM to bring a PQ Signature-free EDHOC to highly constrained devices, providing the same security guarantees as classical EDHOC once the handshake is complete. Additionally, an efficient three-message handshake KEM-based EDHOC Initiator Known Responder (IKR) variant is proposed for environments with pre-established peer awareness.","2169-3536","","10.1109/ACCESS.2025.3633843","Framework of the National Recovery and Resilience Plan Greece 2.0, funded by the European Union–NextGenerationEU, under Agreement TAEDR-0535864, project “Greece4.0.”; European Union’s Horizon Europe Research and Innovation Program Secure Open Source Software and Hardware Adaptable Framework (SecOPERA); ","https://ieeexplore.ieee.org/stamp/stamp.jsp?arnumber=11250931","Constrained embedded systems;EDHOC;post-quantum cryptography transition;KEM-based authentication;lightweight protocols","Authentication;Security;Protocols;Cryptography;Protection;Ciphers;Internet of Things;Schedules;Quantum computing;Media Access Control","","1","","52","CCBY","17 Nov 2025","2025","","IEEE","IEEE Journals"
"Efficient Implementations of AIMer Post-Quantum Signature Scheme for Low-End to High-End IoT Devices","J. Kwon; S. Lee; B. Lee; H. Seo; J. Cho","Security Research Team, Samsung SDS, Seoul, South Korea; Security Research Team, Samsung SDS, Seoul, South Korea; Security Research Team, Samsung SDS, Seoul, South Korea; Department of IT Convergence Engineering, Hansung University, Seoul, South Korea; Security Research Team, Samsung SDS, Seoul, South Korea",IEEE Internet of Things Journal,"6 Nov 2025","2025","12","22","46817","46837","Post-quantum cryptography (PQC) is becoming increasingly critical for securing Internet of Things (IoT) applications against potential threats posed by quantum computers. However, cryptographic schemes based on mathematically hard problems, such as lattice-based constructions, may face reduced security margins due to ongoing cryptanalytic advancements. In IoT use cases requiring long-term deployment without guaranteed secure updates, symmetric-based signature schemes, such as  $\mathsf {SPHINCS+}$ , whose security relies solely on symmetric primitives, are considered robust alternatives. Among these,  $\textsf {AIMer}$ , selected as a finalist in the KpqC competition, is emerging as a promising candidate. This article presents optimized software implementations of  $\textsf {AIMer}$  for various IoT platforms, ranging from low-end to high-end devices. We propose memory-optimized and time–memory tradeoff implementations for resource-constrained ARM Cortex-M4 devices, and single instruction multiple data (SIMD)-accelerated implementations for AArch64 and AVX2 architectures. Furthermore, we conduct a comprehensive performance evaluation comparing our optimized implementations with other PQC signature schemes. Our results show that  $\textsf {AIMer}$  achieves significantly smaller signature sizes and faster key generation and signing compared to  $\mathsf {SPHINCS+}$  across all security levels, making it a viable option for long-term IoT deployment.","2327-4662","","10.1109/JIOT.2025.3597415","","https://ieeexplore.ieee.org/stamp/stamp.jsp?arnumber=11121920","AArch64;AVX2;Cortex-M4;digital signature;implementation;Internet of Things (IoT) security;Korean PQC (KpqC);post-quantum cryptography (PQC)","Internet of Things;Protocols;Reduced instruction set computing;NIST;Digital signatures;Cryptography;Performance evaluation;Quantum computing;Optimization;Single instruction multiple data","","","","68","IEEE","11 Aug 2025","15 Nov.15, 2025","","IEEE","IEEE Journals"
"CBPSPX: A CUDA-Based Batch Parallel Optimization of Post-Quantum Signature SPHINCS+","J. Wu; Y. Yu; Z. Chen; H. Yang; C. Li; Z. Liu","Research Center for Space Computing System, Zhejiang Lab, Hangzhou, China; Research Center for Space Computing System, Zhejiang Lab, Hangzhou, China; Research Center for Space Computing System, Zhejiang Lab, Hangzhou, China; City University of Hong Kong, Pokfulam, Hong Kong; Research Center for Space Computing System, Zhejiang Lab, Hangzhou, China; School of Software Technology, Zhejiang University, Ningbo, China",IEEE Internet of Things Journal,"8 Sep 2025","2025","12","18","37898","37911","Security and privacy are critical in cloud-based Internet of Things (IoT) and Artificial Intelligence of Things (AIoT) applications. As quantum computing advances, post-quantum cryptography (PQC) has emerged as a key technology for ensuring security in future IoT and AIoT architectures. SPHINCS+, a leading post-quantum signature algorithm, has been selected by the National Institute of Standards and Technology (NIST) as one of the next-generation signature standards. However, due to its complex structure and extensive hash operations, SPHINCS+ suffers from slower signature generation and verification compared to other post-quantum algorithms. Consequently, accelerating SPHINCS+ is essential for adapting it to IoT environments. This article presents a compute unified device architecture (CUDA)-based Batch Parallel optimization of SPHINCS+ (CBPSPX), which fully utilizes the computing resources of NVIDIA graphics processing units (GPUs) to enhance the performance of SPHINCS+. Specifically, we propose the thread utilization efficiency index (TUEI), which can be used to theoretically evaluate the effectiveness of various parallel methods. Then, we propose an intrablock batch processing model that dynamically adjusts parallel task scales within a block to optimize throughput, making it particularly suitable for IoT scenarios requiring high-throughput large-scale device authentication. Meanwhile, we divide the signature generation process into three subprocesses and adopt different parallel strategies based on the thread requirements of each subprocess to maximize the value of TUEI. For the signature verification process, we propose a columnar storage strategy to replace the traditional row storage structure, which significantly improves the performance of batch signature verification. Experimental results indicate that our SPHINCS+ implementations across all three parameter sets are better than previous optimized GPU-based implementations and achieve speedups of  $1.4\times $  to  $2.5\times $  for signature generation and  $4.6\times $  to  $11.3\times $  for signature verification on GPU RTX 3090.","2327-4662","","10.1109/JIOT.2025.3585558","National Natural Science Foundation of China(grant numbers:62132008,U22B2030); Natural Science Foundation of Jiangsu Province(grant numbers:BK20220075); Zhejiang Province Key Research and Development Plan(grant numbers:2024SSYS0004); ","https://ieeexplore.ieee.org/stamp/stamp.jsp?arnumber=11068129","thread utilization efficiency index (TUEI);graphics processing units (GPUs);Internet of Things (IoT);post-quantum cryptography (PQC);SPHINCS+","Internet of Things;Security;Vegetation;Graphics processing units;Throughput;Cryptography;NIST;Message systems;Handwriting recognition;Quantum computing","","2","","47","IEEE","3 Jul 2025","15 Sept.15, 2025","","IEEE","IEEE Journals"
"MAYo or MAY-not: Exploring Implementation Security of the Post-Quantum Signature Scheme MAYO Against Physical Attacks","T. Aulbach; S. Marzougui; J. -P. Seifert; V. Q. Ulitzsch","University of Regensburg, Germany; STMicroelectronics, Belgium; TU Berlin – SECT, Germany; TU Berlin – SECT, Germany",2024 Workshop on Fault Detection and Tolerance in Cryptography (FDTC),"4 Nov 2024","2024","","","28","33","MAYO is a multivariate signature scheme notable for its efficiency and compact key size. Targeting NIST security level I, MAYO features a public key size of 1168 bytes and a signature size of 321 bytes, making it more compact than leading lattice-based signature schemes like Falcon and Dilithium, thereby easing integration into embedded systems. With the deployment of MAYO in embedded systems, studying the resilience of MAYO implementations against fault injection attacks is of increasing importance. In this paper, we investigate the security of MAYO against fault injection attacks, and present the first end-to-end fault injection attack on the multivariate scheme. The attack introduces a loop-abort fault in the sampling of the vinegar vector. We present two variants: A zero-ing attack, in which the skipped sampling results in an all-zero vinegar vector, and a differential fault attack. In both variants, the faulted signature reveals an oil vector, allowing for full key recovery through techniques borrowed from the reconciliation attack in a few seconds.","2995-0252","979-8-3503-8036-1","10.1109/FDTC64268.2024.00012","Ministry of Education; Deutsche Forschungsgemeinschaft; ","https://ieeexplore.ieee.org/stamp/stamp.jsp?arnumber=10737868","fault-injection;MAYO;multivariate schemes;post-quantum cryptography","Embedded systems;Oils;Fault detection;Public key;Standardization;NIST;Vectors;Protection;Surface treatment;Resilience","","3","","18","IEEE","4 Nov 2024","4-4 Sept. 2024","4-4 Sept. 2024","IEEE","IEEE Conferences"
"On the Suitability of Post-Quantum Signature Schemes for Internet of Things","K. -A. Shim","Division of Basic Researches for Industrial Mathematics, National Institute for Mathematical Sciences, Daejeon, Republic of Korea",IEEE Internet of Things Journal,"8 Mar 2024","2024","11","6","10648","10665","Public-key cryptography (PKC) provides confidentiality, data integrity, and user authentication. Particularly, nonrepudiation, authentication and integrity of transmitted messages are assured by public-key (PK) signature schemes. Since the presence of a large scale quantum computer would be a real threat to break currently used PK cryptographic algorithms, all security protocols based on the PK cryptographic algorithms are vulnerable to quantum-computer attacks. It needs to investigate possible alternatives, post-quantum cryptography (PQC), believed to be resistant to attacks from both classical and quantum computers. All the traditional PKC should be replaced with PQC for secure communications in post-quantum era. In this work, we evaluate the post-quantum signature schemes in terms of various metrics, performance, signature/key sizes, energy consumption, resistance to implementation attacks and adaptability to Internet protocols. We then investigate their suitability for Internet of Things based on these metrics.","2327-4662","","10.1109/JIOT.2023.3327400","National Institute for Mathematical Sciences; Ministry of Science and ICT of Korea(grant numbers:B23710000); ","https://ieeexplore.ieee.org/stamp/stamp.jsp?arnumber=10295956","Energy consumption;fault attack;implementation attack;post-quantum signature (PQS);public-key (PK) signature scheme;side-channel attack (SCA)","Internet of Things;Security;Performance evaluation;Cryptography;Program processors;NIST;Standards","","22","","63","IEEE","25 Oct 2023","15 March15, 2024","","IEEE","IEEE Journals"
"Accelerating Falcon on ARMv8","Y. Kim; J. Song; S. C. Seo","Department of Financial Information Security, Kookmin University, Seoul, South Korea; Department of Financial Information Security, Kookmin University, Seoul, South Korea; Department of Financial Information Security, Kookmin University, Seoul, South Korea",IEEE Access,"2 May 2022","2022","10","","44446","44460","Falcon is one of the promising digital-signature algorithms in NIST’s ongoing Post-Quantum Cryptography (PQC) standardization finalist. Computational efficiency regarding software and hardware is also the main criteria for PQC standardization. In this paper, we present an efficient Falcon software implementation on ARMv8 environment. Until now, most of the software optimization on PQC algorithms have been conducted on 32-bit ARM (Cortex-M4) and typical CPUs (Intel and AMD CPUs). However, ARMv8 including Cortex-A30, 50, and 70 series have been widely used for various IoT (Internet of Things) applications, Edge computing devices, and OBUs (On Board Units) in autonomous driving cars. For optimizing the performance of Falcon, we take full advantage of NEON engine which is a kind of parallel processing unit in ARMv8 MCU. The main computation in Falcon belongs to polynomial multiplications in Complex number domain and Integer domain. Typically, FFT (Fast Fourier Transformation)-based multiplication method and NTT (Number Theoriteic Transform)-based multiplication method have been widely used for efficient polynomial multiplications in Complex number domain and Integer domain, respectively. Thus, in order to enhance the overall performance of Falcon, we improve the FFT-based multiplication method and NTT-based multiplication method by utilizing NEON engine in ARMv8. Specifically, we parallelize the overall process (FFT/NTT transformation, pointwise multiplication, and inverse FFT/NTT transformation) of FFT-based polynomial multiplication method and NTT-based polynomial multiplication method with strategically utilizing the NEON engine and vector instructions. Furthermore, we minimize the number of redundant memory accesses during FFT/NTT-based polynomial multiplication by making the most of available registers in NEON engine. Through the proposed parallel FFT/NTT-based polynomial multiplications, the proposed Falcon software provides 15.1% (resp. 18.1%), 16.5% (resp. 17.1%), and 65.4% (resp. 69.4%) of performance improvement in keypair generation, signing, and verification at security level 1 (resp. 5) compared with the reference Falcon implementation submitted to the final round of NIST PQC competition. Furthermore, as far as we know, this is the first optimized implementation of Falcon on ARMv8 environment.","2169-3536","","10.1109/ACCESS.2022.3169784","Institute of Information and Communications Technology Planning and Evaluation (IITP) Grant funded by the Korean Government through Ministry of Science and ICT (MSIT) (6G autonomous security internalization-based technology research to ensure security quality at all times)(grant numbers:A2021-0270); National Research Foundation of Korea (NRF) Grant funded by the Korean Government through MSIT(grant numbers:2022R1C1C1013368); ","https://ieeexplore.ieee.org/stamp/stamp.jsp?arnumber=9762260","Falcon;NIST PQC signature;parallel implementation;memory optimization;ARM/NEON processor;ARMv8;Internet of Things","Security;Software;Neon;Engines;Optimization;Cryptography;Software algorithms","","40","","29","CCBY","22 Apr 2022","2022","","IEEE","IEEE Journals"
"Efficient Error Detection Architectures for Postquantum Signature Falcon’s Sampler and KEM SABER","A. Sarker; M. Mozaffari Kermani; R. Azarderakhsh","Department of Computer Science and Engineering, University of South Florida, Tampa, FL, USA; Department of Computer Science and Engineering, University of South Florida, Tampa, FL, USA; Department of Computer and Electrical Engineering and Computer Science, Florida Atlantic University, Boca Raton, FL, USA",IEEE Transactions on Very Large Scale Integration (VLSI) Systems,"16 May 2022","2022","30","6","794","802","Among the National Institute for Standards and Technology (NIST) postquantum cryptography (PQC) standardization Round 3 finalists (announced in 2020 and anticipated to conclude in 2022–2024), SABER and Falcon are efficient key encapsulation mechanism (KEM) and compact signature scheme, respectively. SABER is a simple and flexible cryptographic scheme, highly suitable for thwarting potential attacks in the postquantum era. Implementing SABER can be performed solely in hardware (HW) or on HW/software coprocessors. On the other hand, the compact key size, efficient design, and strong reliability proof in the quantum random oracle model (QROM) make Falcon a highly suitable signature algorithm for PQC. Although Falcon is crucial as a PQC signature scheme, the utilization of the Gaussian sampler makes it vulnerable to malicious attacks, e.g., fault attacks. This is the first work to present error detection schemes embedded efficiently in SABER as well as Falcon’s sampler architectures, which can detect both transient and permanent faults. Moreover, we implement HW design for the ModFalcon signature algorithm as well as the Gaussian sampler. These schemes are implemented on a formerly Xilinx field-programmable gate array (FPGA) family, for both SABER and Falcon variants, where we assess the error coverage and the performance. The proposed schemes incur low overhead (the area, delay, and power overheads being 22.59%, 19.77%, and 10.67%, respectively, in the worst case) while providing a high fault detection rate (99.9975% in the worst case scenario), making them suitable for high efficiency and compact HW implementations of constrained applications.","1557-9999","","10.1109/TVLSI.2022.3156479","U.S. National Science Foundation (NSF)(grant numbers:SaTC-1801488); ","https://ieeexplore.ieee.org/stamp/stamp.jsp?arnumber=9736448","Field-programmable gate array (FPGA);key encapsulation mechanisms (KEM);learning with errors (LWEs);learning with rounding (LWR);postquantum cryptography (PQC);quantum random oracle model (QROM)","Computer architecture;Cryptography;Circuit faults;NIST;Lattices;Field programmable gate arrays;Encryption","","32","","25","IEEE","16 Mar 2022","June 2022","","IEEE","IEEE Journals"
"Efficient Hardware Implementations of Legendre Symbol Suitable for MPC Applications","F. Taheri; S. Bayat-Sarmadi; S. Ebrahimi","Department of Computer Engineering, Sharif University of Technology, Tehran, Iran; Department of Computer Engineering, Sharif University of Technology, Tehran, Iran; Department of Computer Engineering, Sharif University of Technology, Tehran, Iran",IEEE Transactions on Circuits and Systems I: Regular Papers,"24 Feb 2022","2022","69","3","1231","1239","Multi-party computation (MPC) allows each peer to take part in the execution of a common function with their private share of data without the need to expose it to other participants. The Legendre symbol is a pseudo-random function (PRF) that is suitable for MPC protocols due to their efficient evaluation process compared to other symmetric primitives. Recently, Legendre-based PRFs have also been employed in the construction of a post-quantum signature scheme, namely LegRoast. In this paper, we propose, to the best of our knowledge, the first hardware implementations for the Legendre symbol by three approaches: 1) low-area, 2) high-speed, and 3) high-frequency. The high-speed architecture outperforms state-of-the-art software implementations, which run on Intel’s Core-i5. Our evaluation results on FPGA show that this architecture reduces the Legendre calculation time by  $2.56\times $  compared to software implementations on Core-i5. On the other hand, the low-area architecture consumes only 5489 slices on the Artix-7 FPGA and is suitable for resource-constrained devices. Moreover, our ASIC implementation results indicate that the low-area architecture consumes 97.56K gates to implement and requires  $4.01~mW$  to operate on 50 MHz. The high-frequency architecture increases the frequency by  $1.72\times $  over the high-speed architecture and achieves 200 MHz frequency on FPGA.","1558-0806","","10.1109/TCSI.2021.3132770","Research and Development Center of Mobile Telecommunication Company of Iran (MCI) for Advancing Information and Communications Technologies(grant numbers:RD-51-9911-0030); Iran National Science Foundation (INSF)(grant numbers:98012106); Sharif University of Technology(grant numbers:G960803); ","https://ieeexplore.ieee.org/stamp/stamp.jsp?arnumber=9653145","Legendre symbol;MPC;post-quantum cryptography;digital signatures;FPGA and ASIC design","Computer architecture;Protocols;Cryptography;Field programmable gate arrays;Digital signatures;Hardware;Encryption","","2","","40","IEEE","16 Dec 2021","March 2022","","IEEE","IEEE Journals"
"A Survey on Post-Quantum Public-Key Signature Schemes for Secure Vehicular Communications","K. -A. Shim","Division of Basic Researches for Industrial Mathematics, National Institute for Mathematical Sciences, Daejeon, Republic of Korea",IEEE Transactions on Intelligent Transportation Systems,"14 Sep 2022","2022","23","9","14025","14042","Basic security requirements such as confidentiality, user authentication and data integrity, are assured by using public-key cryptography (PKC). In particular, public-key signature schemes provide non-repudiation, integrity of transmitted messages and authentication. The presence of a large scale quantum computer would be a real threat to break the most widely used public-key cryptographic algorithms in practice, RSA, DSA, ECDSA signature schemes and Diffie-Hellman key exchange. Thus, all security protocols and applications where these public-key cryptographic algorithms are used are vulnerable to quantum-computer attacks. There are five directions of cryptographic primitives secure against a quantum computer: multivariate quadratic equation-based, hash-based, lattice-based, code-based and supersingular isogeny-based cryptography. These primitives could serve as replacements for current public-key cryptographic algorithms to prepare for post-quantum era. It is important to prioritize the fields to be replaced by post-quantum cryptography (PQC) since it is hard to replace the currently deployed PKC with PQC at the same time. The fields directly connected to human life such as vehicular communications should be the primary targets of PQC applications. This survey is dedicated to providing guidelines for adapting the most suitable post-quantum candidates to the requirements of various devices and suggesting efficient and physically secure implementations that can be built into existing embedded applications as easily as traditional PKC. It focuses on the five types of post-quantum signature schemes and investigates their theoretical backgrounds, structures, state-of-the-art constructions and implementation aspects on various platforms raging from resource constrained IoT devices to powerful servers connected to the devices for secure communications in post-quantum era. It offers appropriate solutions to find tradeoffs between key sizes, signature lengths, performance, and security for practical applications.","1558-0016","","10.1109/TITS.2021.3131668","National Institute for Mathematical Sciences; Ministry of Science and Information and Communication Technologies (ICT), South Korea(grant numbers:B21720000); ","https://ieeexplore.ieee.org/stamp/stamp.jsp?arnumber=9646494","Implementation attack;post-quantum cryptography;public-key signature scheme;quantum algorithm;Shor algorithm;side-channel attack","Cryptography;Public key cryptography;Quantum algorithm;Computer security;Digital signatures;Standards;Authentication","","53","","134","IEEE","10 Dec 2021","Sept. 2022","","IEEE","IEEE Journals"
"Implementing CRYSTAL-Dilithium on FRDM-K64","K. D. Ortega L.; L. J. Dominguez Perez","DESI ITESO, Universidad Jesuita de Guadalajara, Tlaquepaque, Mexico; DESI ITESO, Universidad Jesuita de Guadalajara, Tlaquepaque, Mexico","2021 IEEE 12th Annual Ubiquitous Computing, Electronics & Mobile Communication Conference (UEMCON)","10 Jan 2022","2021","","","0178","0183","This document presents the performance of the lattice-based signature scheme Dilithium for FRDM-K64 ARM Cortex-M4. Dilithium is a recent post-quantum cryptographic scheme, such as a candidate in the third round of the NIST. The Cortex-M4 is considered a suitable microcontroller for post-quantum cryptography so that FRDM-K64 is used to execute the Dilithium scheme. The PQM4 library and Greconici, Kannwischer, and Sprenkels implementation are compared and improved to achieve a low speed of 17% in NIST Security Level 2.","","978-1-6654-0690-1","10.1109/UEMCON53757.2021.9666622","","https://ieeexplore.ieee.org/stamp/stamp.jsp?arnumber=9666622","Dilithium;Cortex-M4;FRDM-K64;quantumsafe;signature scheme","Embedded systems;Microcontrollers;NIST;Mobile communication;Libraries;Cryptography","","4","","17","IEEE","10 Jan 2022","1-4 Dec. 2021","1-4 Dec. 2021","IEEE","IEEE Conferences"
"Side-channel attack on Rainbow post-quantum signature","D. Pokorný; P. Socha; M. Novotný","Czech Technical University in Prague, Faculty of Information Technology, Czech Republic; Czech Technical University in Prague, Faculty of Information Technology, Czech Republic; Czech Technical University in Prague, Faculty of Information Technology, Czech Republic","2021 Design, Automation & Test in Europe Conference & Exhibition (DATE)","16 Jul 2021","2021","","","565","568","Rainbow, a layered multivariate quadratic digital signature, is a candidate for standardization in a competition-like process organized by NIST. In this paper, we present a CPA side-channel attack on the submitted 32-bit reference implementation. We evaluate the attack on an STM32F3 ARM microcontroller, successfully revealing the full private key. Furthermore, we propose a simple masking scheme with minimum overhead.","1558-1101","978-3-9819263-5-4","10.23919/DATE51398.2021.9474157","","https://ieeexplore.ieee.org/stamp/stamp.jsp?arnumber=9474157","post-quantum cryptography;digital signature;multivariate quadratic;side-channel analysis;embedded systems","Correlation;Microcontrollers;Side-channel attacks;NIST;Digital signatures;Standards","","6","","11","","16 Jul 2021","1-5 Feb. 2021","1-5 Feb. 2021","IEEE","IEEE Conferences"
"An Area-Efficient SPHINCS+ Post-Quantum Signature Coprocessor","Q. Berthet; A. Upegui; L. Gantel; A. Duc; G. Traverso","inIT, HEPIA, University of Applied Sciences of Western Switzerland, Geneva, Switzerland; inIT, HEPIA, University of Applied Sciences of Western Switzerland, Geneva, Switzerland; inIT, HEPIA, University of Applied Sciences of Western Switzerland, Geneva, Switzerland; IICT, HEIG-VD, University of Applied Sciences of Western Switzerland, Yverdon-les-Bains, Switzerland; CYSEC SA, Lausanne, Switzerland",2021 IEEE International Parallel and Distributed Processing Symposium Workshops (IPDPSW),"24 Jun 2021","2021","","","180","187","The significant advances in the area of quantum computing of the past decade leave no doubt about the fact that quantum computers are an actual threat to cryptography. For this reason, a lot of efforts have been made lately in designing so-called post-quantum cryptographic primitives. The adoption of these schemes depends on the future capability of post-quantum cryptographic schemes to offer performances and functionalities similar to their classical counterparts. In particular, a milestone towards standardization is the implementation on FPGA of cryptographic primitives which leads to an efficient execution. We contribute in this respect by providing an area-efficient FPGA implementation of SPHINCS+, a post-quantum signature scheme which guarantees very high security, allowing its deployment into embedded systems such as hardware security modules, IoT devices or nanosatellites.","","978-1-6654-3577-2","10.1109/IPDPSW52791.2021.00034","","https://ieeexplore.ieee.org/stamp/stamp.jsp?arnumber=9460703","FPGA;SPHINCS+;post-quantum cryptography;hash-based signature schemes","Distributed processing;Quantum computing;Embedded systems;Small satellites;Standardization;Hardware;Nanoscale devices","","34","","26","IEEE","24 Jun 2021","17-21 June 2021","17-21 June 2021","IEEE","IEEE Conferences"
"Compact Code-Based Signature for Reconfigurable Devices With Side Channel Resilience","J. Hu; Y. Liu; R. C. C. Cheung; S. Bhasin; S. Ling; H. Wang","School of Physical and Mathematical Sciences, Nanyang Technological University, Singapore; Department of Electronic Engineering, City University of Hong Kong, Hong Kong; Department of Electronic Engineering, City University of Hong Kong, Hong Kong; Temasek Laboratories, Nanyang Technological University, Singapore; School of Physical and Mathematical Sciences, Nanyang Technological University, Singapore; School of Physical and Mathematical Sciences, Nanyang Technological University, Singapore",IEEE Transactions on Circuits and Systems I: Regular Papers,"26 Jun 2020","2020","67","7","2305","2316","In this paper, we present a compact design for the code based signature called LEDAsig with side channel resistance. Existing implementations concentrate on the high-speed feature while few of them have considerations on area or power efficiency which are particularly decisive for low-cost or power constrained IoT applications. We propose an area-efficient FPGA architecture for systematically rotating the QC-LDGM codes amongst the block RAMs with read-first mode. Additionally, the side channel vulnerability of LEDAsig is carefully examined, and protective masking schemes are introduced accordingly to safeguard our design from power analysis attacks. Effectiveness of these schemes is verified on SAKURA-G FPGA board. Up till now, the design presented in this work is the most compact one and also the first side-channel secure one addressing first-order and (univariate) second-order differential power analysis for the code based signature schemes in the open literature. We show for instance that our first-order (second-order) protected implementation can sign a signature in 117 (203) ms on a Xilinx Spartan-6 FPGA, occupying only 622 (1142) slices, and therefore is a prospective candidate for post-quantum signature schemes in low-resource settings.","1558-0806","","10.1109/TCSI.2020.2984026","CityU Internal(grant numbers:9678187); Singapore Ministry of Education(grant numbers:MOE2016-T2-2-014(S)); A*Star, Singapore(grant numbers:SERC A19E3b0099); ","https://ieeexplore.ieee.org/stamp/stamp.jsp?arnumber=9089230","Code-based cryptography;CFS signature scheme;QC-LDGM code;hardware security;compact implementation","Sparse matrices;Field programmable gate arrays;Generators;Random access memory;Elliptic curve cryptography","","2","","36","IEEE","7 May 2020","July 2020","","IEEE","IEEE Journals"
"Evaluation of Lattice-Based Signature Schemes in Embedded Systems","T. Güneysu; M. Krausz; T. Oder; J. Speith","Ruhr-Universität Bochum & DFKI, Bochum, Germany; Ruhr-Universität Bochum, Bochum, Germany; Ruhr-Universität Bochum, Bochum, Germany; Ruhr-Universität Bochum, Bochum, Germany","2018 25th IEEE International Conference on Electronics, Circuits and Systems (ICECS)","20 Jan 2019","2018","","","385","388","Lattice-based cryptography is a promising candidate and remedy in public-key cryptography in case quantum computers become feasible or a major breakthrough in solving the factorization problem or the discrete logarithm problem is achieved. Due to ongoing research in this field, many schemes still lack implementations that examine their practicability, especially for embedded systems. In this work we discuss the potential of lattice-based signature schemes for practical applications on constrained devices in a post-quantum era. We focus on the schemes GLP, BLISS, and Dilithium and discuss their unique properties as well as challenges regarding their implementation on embedded devices. In this regard we present and review optimized implementations of these schemes for ARM Cortex-M4 microcontrollers to evaluate the practical performance of the schemes.","","978-1-5386-9562-3","10.1109/ICECS.2018.8617969","","https://ieeexplore.ieee.org/stamp/stamp.jsp?arnumber=8617969","lattices;signatures;microcontroller;dilithium","Microcontrollers;Lattices;Public key;NIST","","13","","21","IEEE","20 Jan 2019","9-12 Dec. 2018","9-12 Dec. 2018","IEEE","IEEE Conferences"
